<?xml version="1.0" encoding="UTF-8"?>
<jcr:root xmlns:sling="http://sling.apache.org/jcr/sling/1.0" xmlns:jcr="http://www.jcp.org/jcr/1.0" xmlns:nt="http://www.jcp.org/jcr/nt/1.0"
    jcr:primaryType="sling:OrderedFolder">
    <jcr:content jcr:primaryType="nt:unstructured">
        <folderThumbnail/>
    </jcr:content>
    <thumbnail.png/>
    <AEM_logo.png/>
    <biz_cat_fourth_quarter.jpg/>
    <content_mgmt.png/>
    <define_enterprise.png/>
    <felix.png/>
    <kitchen-sink.png/>
    <list_of_aem_customers.png/>
    <logo.svg/>
    <lucene.png/>
    <mobile-services-2.png/>
    <oak.png/>
    <pg_logo.png/>
    <sling.png/>
    <building.png/>
    <command_center.png/>
    <Christmas-Present-red.jpg/>
    <plugin_talk.jpg/>
    <ISLC2259_Doug-Pulsipher.jpg/>
    <dashboard.png/>
    <icon.png/>
    <coke_iphone_2.png/>
    <coke_iphone_3.png/>
    <coke_iphone_4.png/>
    <coke_iphone.png/>
    <pgday_iphone_2.png/>
    <pgday_iphone_3.png/>
    <pgday_iphone.png/>
    <wwsc_iphone_2.png/>
    <wwsc_iphone_3.png/>
    <wwsc_iphone.png/>
</jcr:root>
